﻿{"cameraMode":{"drawMode":0,"name":"Shaded","section":"Shading Mode"},"sceneLighting":true,"audioPlay":false,"sceneViewState":{"showFog":true,"showMaterialUpdate":false,"showSkybox":true,"showFlares":true,"showImageEffects":true,"showParticleSystems":true,"showVisualEffectGraphs":true,"m_FxEnabled":true},"in2DMode":false,"pivot":{"x":16.975404739379884,"y":170.18922424316407,"z":3.087803363800049},"rotation":{"x":-0.06274168938398361,"y":0.7240918874740601,"z":-0.07437285035848618,"w":-0.6842346787452698},"size":12.210380554199219,"orthographic":false}