﻿{"cameraMode":{"drawMode":0,"name":"Shaded","section":"Shading Mode"},"sceneLighting":true,"audioPlay":false,"sceneViewState":{"showFog":true,"showMaterialUpdate":false,"showSkybox":true,"showFlares":true,"showImageEffects":true,"showParticleSystems":true,"showVisualEffectGraphs":true,"m_FxEnabled":true},"in2DMode":false,"pivot":{"x":-0.8491992950439453,"y":179.7849578857422,"z":24.358137130737306},"rotation":{"x":-0.02296057529747486,"y":-0.8798447847366333,"z":-0.04689236730337143,"w":0.4729784429073334},"size":11.189801216125489,"orthographic":false}